user_id,prediction,probability
6,1,0.9796372783740779
7,1,0.6233941563717067
8,1,0.6715627597287872
14,0,0.1472644237369192
16,1,0.9796372783740779
18,0,0.41777269626323393
19,0,0.42208403959720114
20,0,0.37471445879962456
21,0,0.14939552298853392
22,0,0.07192064905555215
23,0,0.07192064905555215
24,0,0.49961310011078863
25,0,0.3945206554807992
