user_id,prediction,probability
6,1,0.9880147985190262
7,1,0.6148215508529603
8,1,0.6485809017317447
14,0,0.09114502089585964
16,1,0.9682565671617527
18,0,0.41476963914814613
19,0,0.4408561246228224
20,0,0.39051138543219116
21,0,0.1819586365255394
22,0,0.09899449797528223
23,0,0.09899449797528223
24,1,0.5154313248595971
25,0,0.40191172034904227
